{"_step":22,"val_step_loss":1.1527480880419414,"_timestamp":1.7516288423713512e+09,"train_step_loss":1.1336281419505734,"_wandb":{"runtime":15},"train_epoch_acc":0.3727810650887574,"train_step_acc":0.3727810650887574,"train_epoch_loss":8.708325272256678,"lr":3.8223509101961315e-05,"val_step":3,"val_epoch_loss":9.221984704335531,"val_epoch_acc":0.375,"epoch":0,"best_val_acc":0,"train_step":22,"_runtime":15.057233583,"val_step_acc":0.375}