{"_timestamp":1.7516288181610775e+09,"best_val_acc":0.4166666666666667,"train_step_loss":0.06260082555504945,"best_epoch":0,"epoch":15,"train_step_acc":0.02514792899408284,"_runtime":201.39925047,"lr":0.00022412251748326467,"val_epoch_acc":0.4166666666666667,"_step":352,"train_step":352,"train_epoch_acc":0.40236686390532544,"train_epoch_loss":7.694210559129715,"val_epoch_loss":8.991523742675781,"_wandb":{"runtime":201}}